Plate,Strain,time,2'FL,3FL,3'SL,DFLac,6'SL,LNT,LNnT,LNFP I,LNFP II,LNFP III,LSTb,LSTc,DFLNT,LNH,DSLNT,FLNH,DFLNH,FDSLNH,DSLNH,SUM,Sia,Fuc
HMO_assay-2021-03-13,NS1 10 EtOH AN,48,2011.253315,453.5392703,327.8400797,143.8202791,219.7707954,2083.681567,199.0481419,1082.632508,1527.341906,57.40058322,129.7500622,214.4784795,1020.474153,166.6915135,226.4482326,509.6719341,404.0045815,53.07351626,267.6874386,11098.60836,1986.257792,8831.511059
HMO_assay-2021-03-13,NS1 10 GC AN,48,1981.297498,393.4484415,296.2180786,163.1259786,201.2485917,1338.952134,203.8044551,1050.706723,1459.767481,42.12507344,129.8348695,203.0870118,984.7755484,179.8411432,229.2365162,534.7973762,357.7690099,40.58867426,239.9674985,10030.5921,1849.973929,8514.072341
HMO_assay-2021-03-13,NS4 40 FAA-NB AN,48,2029.661471,404.3270485,229.225416,140.7090108,1067.610101,1074.559002,352.1252071,1090.456201,1531.123841,3.450644862,339.0259502,24.37171555,984.9094654,278.9426411,18.04319296,774.8328152,378.9480718,75.94937655,25.48732362,10823.7585,1899.192969,8918.934494
HMO_assay-2021-03-13,NS6 23 MRS AN,48,2022.832532,417.0782249,339.5040693,142.7076171,251.3063898,2057.644326,212.1843852,1082.254051,1504.421406,52.84635498,128.9431565,209.3961261,1004.677737,185.1637981,238.9986057,558.6909392,366.1636325,43.1076918,242.8125027,11060.73355,1978.987342,8708.329172
HMO_assay-2021-03-13,NS6 27 BHI AN,48,2007.795006,376.4246229,304.7280331,173.6594106,239.271786,2066.195525,214.2002391,1078.289529,1508.638116,44.48464084,138.3746086,179.228437,967.5293142,164.4153709,204.6005873,529.1468918,304.148217,19.38386984,196.8596698,10717.37388,1703.291118,8454.83656
HMO_assay-2021-03-13,S3 1 PEC AN,48,2066.418978,417.9247244,189.7730904,191.8240698,217.9150116,2177.558928,216.2652751,1119.405629,1587.381768,13.012645,351.5360231,210.2385309,1038.541521,194.6775213,16.52910014,594.3067133,385.584012,52.13090427,253.8358387,11294.86028,1614.454342,9082.480566
HMO_assay-2021-03-13,S3 3 BHI AN,48,1872.684398,394.2632647,269.9017985,172.0742414,215.5631185,1909.755607,190.0285794,994.9232778,1378.758517,26.87273766,98.86754319,156.9120099,897.6179998,165.6639271,187.1698032,469.3863777,337.157959,43.66262045,216.8867398,9998.15052,1636.682797,7994.251594
HMO_assay-2021-03-13,S3 4 FAA(EtOH) AN,48,1937.561672,386.4486127,316.4945967,137.9618295,212.8704254,1813.103845,200.3698852,1032.342723,1435.519815,36.54724069,92.76111552,198.5489041,985.2044157,176.8484275,206.6118112,480.4356594,357.16195,48.53604669,234.4278869,10289.75686,1799.826531,8318.04816
HMO_assay-2021-03-13,S5 2 FMU AN,48,2039.440575,418.3475992,328.9653216,150.3912178,228.7817923,1590.840068,217.8042166,1083.635315,1526.622767,58.21262157,136.7374487,211.1399548,1019.800464,192.153679,244.9528607,572.9816328,378.5130914,53.91825863,257.0757768,10710.31466,2017.51831,8850.568316
HMO_assay-2021-03-13,HMO_assay-2021-03-13 T=0h,0,2055.507241,390.0705519,333.2473623,162.5620362,249.7512452,2080.213479,215.0966746,1093.85002,1531.417404,48.03146102,133.4869737,213.7732892,1015.551386,166.3873703,221.794227,538.5979122,365.4601612,41.22728589,244.5014895,11100.52757,1945.304875,8785.849044
HMO_assay-2021-03-21,HMO_assay-2021-03-21 T=0h,0,2002.32481,398.8132777,329.8243972,137.3680209,232.4599292,1969.94094,215.6010375,1019.691709,1428.513523,42.8964718,133.0657506,195.8147127,947.3622988,179.043389,215.4080088,490.3738695,350.0204823,44.16371758,227.2590471,10559.94539,1864.826337,8296.278982
HMO_assay-2021-03-21,NS0 3 FAA-NB AN,48,2051.186577,418.3797225,321.0571151,161.0464851,216.2040176,2018.507023,181.4185357,1057.442284,1468.189883,46.41759217,130.6888236,206.2895614,980.7298903,185.3982476,230.0256523,557.7461048,366.0236713,48.46595783,238.0985089,10883.31565,1907.419756,8663.428215
HMO_assay-2021-03-21,NS0 4 GC AN,48,1968.009933,426.1202575,291.1104418,183.6774822,222.0248754,1184.076451,136.2703266,977.1459983,1455.427245,44.985447,87.69224961,177.4456135,944.2183505,83.84388093,231.0663124,360.964574,360.074788,38.44697015,240.673407,9413.274603,1798.646559,8247.041666
HMO_assay-2021-03-21,NS4 69 TSA AN,48,1996.807186,405.8828128,314.1102951,159.219511,239.7340807,1989.309659,224.7386659,1041.557211,1455.517285,53.16418821,129.4235038,201.7572822,960.6193635,177.1232141,224.8517238,515.2351851,342.6829539,48.52976926,233.6244075,10713.8883,1899.036963,8441.737295
HMO_assay-2021-03-21,NS6 10 ACE AN,48,1998.17288,400.0503604,315.1675204,158.3536366,243.7398786,2012.33914,186.3275559,1031.4834,1433.177827,45.15611298,143.5028936,172.6164175,929.4762474,171.2067657,192.0746085,435.8684892,346.4694351,45.99328049,205.8569247,10467.03337,1762.876337,8258.500988
HMO_assay-2021-03-21,NS6 104 PEC AN,48,2042.465693,458.7045531,195.6420299,170.2849775,1179.176096,1049.130534,320.9178856,1056.373012,1486.534296,13.21815172,195.1820167,55.52856895,968.6152723,249.4665233,18.92076821,710.4030718,327.0732802,53.00318811,35.75579505,10586.39571,1840.888214,8752.649026
HMO_assay-2021-03-21,NS6 119 PEC AN,48,1290.294539,423.8388398,311.7317812,155.6487351,244.1929959,2013.815044,211.2745623,1035.772761,1506.752573,49.42232458,132.173347,216.1430895,991.5572593,177.776202,231.8845193,506.4446358,354.8423779,37.57932509,236.9689854,10128.1139,1917.106873,7854.201743
HMO_assay-2021-03-21,S2 8 PEC AN,48,2083.496231,420.772501,315.3204845,177.1292263,222.0159665,2121.220064,202.3110559,1091.055441,1531.138241,55.0915275,133.6980535,215.3757789,1010.95736,185.0855889,245.0171683,515.264146,380.879321,47.63337747,242.8723065,11196.33384,1957.455988,8882.383279
HMO_assay-2021-03-21,S3 2 BHI AN,48,132.9866826,252.059016,247.315954,146.392741,251.9566568,2074.246686,199.4521713,936.8921536,1007.786107,68.43535835,131.0416841,194.3653305,890.1434614,146.5746734,213.0840126,461.6787075,305.5079827,49.96394402,199.111205,7908.994528,1748.997949,5593.890339
HMO_assay-2021-03-21,S5 4 TSA AN,48,1968.021608,408.885307,315.238249,165.5214543,219.4966177,1937.386836,211.9186651,1036.073705,1433.659661,46.45579933,124.6572138,202.9805075,952.2741856,144.1609095,208.143915,478.0661848,328.9831062,43.15145196,236.5888663,10461.66424,1838.141054,8307.871209
HMO_assay-2021-03-21,S5 60 FMU AER,48,2003.002686,411.1626362,311.0759914,163.8075612,226.1312356,2013.685109,198.9107054,1029.329304,1431.419132,29.04295714,123.2284107,210.8585482,968.3554457,160.6670799,214.943225,514.4236173,353.4482616,38.99346759,208.7592335,10611.24461,1796.686038,8428.596338
HMO_assay-2021-03-24,NS1 cNB 27 AN,48,2046.99139,421.0803755,321.5175476,168.0459768,230.4552831,2094.644958,203.1430418,1078.500608,1510.280994,54.83224823,128.8116982,212.6205559,1018.278693,183.5010433,238.0435748,532.0967046,383.6391444,44.61884416,246.0401869,11117.14287,1950.810297,8828.328792
HMO_assay-2021-03-24,HMO_assay-2021-03-24 T=0h,0,1985.978899,406.0438258,287.4365978,176.4925492,245.0231384,1997.463846,213.2880766,1041.441381,1460.184845,46.06391374,152.3133476,200.4504272,985.1158594,178.9882078,207.7125717,482.756204,339.0742492,37.40124349,223.0747228,10666.30391,1821.600587,8461.235628
HMO_assay-2021-03-24,NS0 1 CNA AER,48,2051.77519,434.8717031,182.1607762,195.3099011,101.3839978,2174.447119,240.0644193,1065.845633,1498.218843,28.71710044,174.7657361,174.0178943,1021.922062,201.5270709,25.1664967,558.1698762,348.9915816,39.45232128,200.5728476,10717.38057,1162.711736,8809.497756
HMO_assay-2021-03-24,NS0 1 FAA AER,48,2025.063491,417.0924254,331.6610709,154.0518732,265.8906663,2047.720864,175.5008701,1064.42061,1494.331309,49.1948279,138.3387138,207.3515891,1009.561341,180.2950005,225.0827361,502.1425587,359.5779375,41.57642837,241.3014935,10930.15581,1959.163356,8640.203953
HMO_assay-2021-03-24,NS0 5 TSA AN,48,911.5695754,385.8639825,303.5404522,132.0247855,242.9966916,2113.791988,212.3509396,819.6612803,760.0057505,36.90593591,186.2009023,172.8717837,866.7065955,185.1724992,142.4900611,462.672817,183.4910828,36.23985232,164.8210708,8319.378046,1592.711798,5777.364121
HMO_assay-2021-03-24,NS4 13 PEC AN,48,2144.316039,444.4671496,204.7050289,204.4398654,92.84916267,2391.233924,309.597249,1140.681459,1589.472301,34.45879652,42.25314388,83.03348511,1063.539278,244.6938509,28.72171217,704.2802722,381.5291555,58.55006432,117.0759068,11279.89784,831.5361873,9415.242679
HMO_assay-2021-03-24,NS4 4 YPD AER,48,2041.738736,421.4509088,291.4216737,199.3786253,244.8614533,2075.254191,215.902416,1072.993394,1511.999145,53.63749695,138.9984305,207.7793175,1021.0173,184.2760683,226.6138485,534.4301064,368.5712523,45.78110432,240.6129171,11096.71839,1909.076615,8859.965246
HMO_assay-2021-03-24,NS4 41 FMU AN,48,190.5403094,478.5962081,181.8889165,174.4747924,124.1932053,2700.72189,27.19781283,469.2618993,1509.724187,257.2780936,165.0581055,116.1818298,1032.876552,47.20601161,11.19775019,539.359463,315.1814015,26.37914365,99.29313431,8466.610706,861.0621135,6516.204797
HMO_assay-2021-03-24,S2 1 BHI AN,48,64.77631974,419.728242,78.8057392,36.64575108,52.75091546,93.99159588,56.40032752,23.70761393,238.0074137,8.459984297,179.1808341,120.6625034,842.0575708,8.344876975,21.22521589,126.1781348,4.611859606,7.179258669,23.67978765,2406.393945,535.5685166,2654.66733
HMO_assay-2021-03-24,S2 1 TSA AN,48,2059.353377,453.9228137,307.7731476,179.1598941,240.2283216,2061.329635,208.6378615,1088.599391,1534.519449,59.24924568,121.0567273,216.0883622,1049.669589,169.8757613,226.4686199,547.7498297,402.0127345,57.50226905,263.6613256,11246.85836,1980.410988,9062.580811
HMO_assay-2021-03-24,S2 2 FAA(EtOH) AN,48,1895.286139,385.9668769,301.6865537,147.8295852,197.2995339,729.4842827,19.1300617,983.1510437,1402.842552,47.83288431,137.1009909,160.5847809,922.2553967,43.59654122,171.682221,393.8029119,332.8639932,9.778899853,218.7371965,8500.912445,1597.068494,7924.559258
HMO_assay-2021-03-24,S2 4 FAA(EtOH) AN,48,2038.271911,413.5784628,288.7480894,189.3558963,239.664363,1464.979734,183.7243682,1079.619569,1508.421357,53.44693294,124.0950616,203.2252066,1008.841965,173.0484586,234.5256972,502.893787,365.4264322,48.06831175,228.2517758,10348.18738,1877.42429,8771.548919
HMO_assay-2021-03-24,S3 5 FAA AN,48,2077.164818,418.7934346,318.999203,177.3884014,241.1032409,2121.346466,223.1733912,1095.094938,1531.81287,47.87765597,131.0551457,210.0266206,1033.579369,183.3509594,236.3136878,547.5914189,361.0107628,40.39103698,245.7656984,11241.83912,1946.125057,8902.68324
HMO_assay-2021-03-24,S3 5 GAM AN,48,2072.08577,434.7039881,299.6350702,191.2615879,233.1682608,2113.682693,208.621615,1087.728241,1517.191904,49.00874428,137.1395682,218.0337688,1021.745037,177.6123369,237.7718592,533.3787143,378.1624243,43.48464361,239.1992247,11193.61545,1928.888123,8919.920104
HMO_assay-2021-04-03,NS1 EtOH 56 AN,48,2252.496455,460.5255168,218.2537314,205.1393425,101.7731029,2221.960808,383.612205,1166.717419,1661.950863,16.01939767,369.23752,58.84712806,1057.119154,282.3953778,23.42588967,782.3051527,386.8834952,61.48828231,20.73694282,11730.88778,959.4137119,9699.78707
HMO_assay-2021-04-03,NS1 cYPD 6 AN,48,2019.504588,409.0051792,296.8846027,187.3851901,223.6521357,2026.451599,200.6226567,1024.44555,1452.309344,47.56379581,125.8938257,175.4062358,906.6007266,173.3191423,213.4235486,481.698701,343.9094953,36.60205066,242.317509,10586.99588,1806.523016,8346.920034
HMO_assay-2021-04-03,HMO_assay-2021-04-03 T=0h,0,2003.987707,403.85778,329.0815063,146.8534177,212.6498776,2023.930122,190.9982795,1003.211069,1417.959297,32.98588724,100.2655709,175.3422403,894.1277876,159.753012,211.8879088,473.6274837,351.1713829,34.58780195,223.5086052,10389.78674,1757.307827,8154.522202
HMO_assay-2021-04-03,NS0 1 MOD AN,48,2020.744129,401.7417955,326.9349903,158.8140039,242.853153,2017.111561,187.1711775,1021.166772,1457.187388,48.01717316,131.9877446,200.6167655,930.9353396,178.1877588,225.7962746,478.8322488,348.0817194,34.97469184,200.8448001,10611.99949,1825.624186,8338.326324
HMO_assay-2021-04-03,NS0 2 FAA-NB AN,48,2073.760513,420.7056168,184.5333688,185.5900202,271.0576366,2069.150328,225.7564,1046.580601,1495.020688,5.120221073,329.1554722,181.9375062,933.3286261,186.511163,17.82913234,525.8566987,358.5374783,34.8695145,238.0714725,10783.37246,1548.224222,8556.826103
HMO_assay-2021-04-03,NS0 4 FAA AER,48,2026.846446,405.0929568,302.0049374,181.2949048,246.9747721,2037.05898,219.4342871,1043.787714,1478.732476,50.4635318,135.854898,211.8675556,954.6294267,182.616226,227.9801058,507.7737185,358.2340543,34.49539304,232.2522404,10837.39462,1886.157642,8535.509007
HMO_assay-2021-04-03,NS0 8 FAA(EtOH) AN,48,2101.567945,425.3550434,192.025998,185.3257599,83.14858724,2075.67338,342.7980436,1077.2507,1543.50094,11.1962879,337.7556033,58.90237331,991.1736921,268.7975683,18.99859591,722.9051775,363.5756412,55.87864175,32.51707567,10888.34705,886.6211886,9017.804922
HMO_assay-2021-04-03,NS0 8 TSA AN,48,1988.870456,405.9049233,322.3816407,166.4892631,245.6053435,2039.824499,211.9464233,1036.290119,1475.655489,40.53283609,121.208839,206.9375501,946.2248937,160.5127945,217.355874,509.8087807,364.4008675,41.26642078,231.7702468,10732.98726,1876.918457,8452.559075
HMO_assay-2021-04-03,NS4 62 TSA AN,48,2105.688528,413.7795739,320.3870104,183.6570707,238.1180385,2120.804693,204.427339,1063.797127,1519.714871,49.83760746,135.1194241,214.1414,974.6888892,168.2230056,212.1721314,498.6746108,367.0857948,46.13549847,237.8838226,11074.33644,1900.148778,8748.491327
HMO_assay-2021-04-03,NS4 62 YPD AN,48,2081.756175,413.7037813,310.4456976,204.084379,253.0863798,2111.123247,231.3279931,1063.243591,1514.150162,50.93399094,143.7419102,209.7472289,960.9147707,177.0408271,228.6757684,504.1771252,354.8294242,45.54780229,226.0950162,11084.62527,1917.65839,8713.169775
HMO_assay-2021-04-03,S3 2 FAA-NB AN,48,1348.252784,383.0979279,180.5061,184.4557309,216.5455078,2194.687047,437.3783816,997.8154024,1043.961363,15.35120961,308.7611473,194.7749118,915.7177743,499.6241234,24.22638443,339.8290495,62.60591527,78.81350784,140.6235252,9567.027794,1387.914502,6532.680086
HMO_assay-2021-04-03,S5 77 GC AN,48,2059.333274,408.6914752,292.2627694,198.7711115,243.6505486,2100.910554,182.8141038,1050.060348,1492.553773,49.48418788,145.5493886,211.2369328,954.6513864,178.8907545,222.3068147,492.188534,375.5996036,47.54088744,242.5194111,10949.01586,1917.433866,8657.896682
HMO_assay-2021-04-06,NS1 30 EtOH AN,48,1599.620818,441.4226894,191.0940187,165.2433863,123.4144817,2085.743487,32.59109585,1047.269786,1495.132916,6.432260829,267.267518,74.82735697,982.0519272,50.85418089,20.8842841,518.1852238,310.3729574,19.85426435,74.87960873,9507.142261,887.8396897,8043.2545
HMO_assay-2021-04-06,HMO_assay-2021-04-06 T=0h,0,1921.300446,379.0025329,291.7810541,156.9343047,224.6989127,1964.036012,191.9619461,1028.182601,1437.853992,48.30372151,123.8899697,196.4425202,958.13419,157.2423574,205.4905891,475.7319345,333.1899022,41.13163456,202.1457777,10337.4544,1734.348459,8228.023656
HMO_assay-2021-04-06,NS0 1 FAA-NB AER,48,1955.026907,394.461034,292.7733358,169.944635,243.3432709,2009.730704,204.7993288,1043.047483,1450.605111,28.98571422,131.4971727,194.5449726,981.9087801,175.6378122,211.1000796,504.4438408,356.6291333,40.3414763,228.6209458,10617.44174,1822.283755,8433.876662
HMO_assay-2021-04-06,NS0 1 GC AER,48,1946.126134,397.1322488,274.4098082,184.3026003,236.9770239,1994.318771,211.60896,1038.844269,1464.208956,47.22788808,135.0965171,198.930869,976.6992765,145.9755111,195.5888092,481.2692168,351.4482486,45.47634913,222.6744839,10548.31594,1772.893503,8445.185312
HMO_assay-2021-04-06,NS0 1 SKV AN,48,1515.327988,262.8881091,364.6726712,196.0996794,180.4215432,2098.968796,352.8489588,1088.109159,1175.28321,34.89154565,183.8823093,155.2349249,903.0305163,237.0537781,136.7814297,487.37003,282.6872448,56.75123825,191.6248106,9903.927943,1654.526406,7384.256162
HMO_assay-2021-04-06,NS0 1 TSA AER,48,1947.138922,396.9167736,320.6451114,168.1114645,266.0321462,1974.145364,89.63951573,1044.641016,1431.095592,46.44338399,129.6862588,214.6294606,988.2731256,51.3173388,194.024459,416.6560523,308.4101916,26.48499492,224.6102374,10238.90141,1821.232359,8238.966298
HMO_assay-2021-04-06,NS0 2 CNA AER,48,2043.621181,414.0125132,323.2561415,169.8808584,236.7581017,2102.830148,209.0064447,1085.780818,1518.858224,47.93439723,129.3215951,205.8139627,1032.232586,181.2975049,237.1623177,530.143985,379.6191344,40.52893204,237.3087752,11125.36762,1925.149851,8844.345207
HMO_assay-2021-04-06,NS0 2 GC AER,48,1627.063961,419.3976826,224.0877021,143.5506486,212.6579726,2106.431615,175.7666681,1027.157443,1319.214371,6.473389999,313.1917985,186.7876672,1000.31762,109.7141316,15.80990544,471.0517092,241.0011959,24.53861915,190.7618995,9814.976001,1398.945989,7664.636105
HMO_assay-2021-04-06,NS0 5 CNA AN,48,1211.778725,453.7977218,257.1569621,181.9686897,206.7336087,1554.752415,94.91330274,848.8595489,1469.82086,53.56133818,204.2623023,175.5954053,972.9451592,96.72171322,142.9051938,436.1689708,368.2959944,24.28307791,213.8818847,8968.402874,1605.888591,7544.689929
HMO_assay-2021-04-06,NS0 7 CNA AN,48,2003.350315,428.3097741,333.9048496,135.2371627,215.699013,2026.102662,217.135746,1031.23082,1446.931509,31.12880988,103.4640898,176.4216591,950.6327001,158.666935,205.2633144,504.0152043,353.2524006,38.6389358,226.6895856,10586.07549,1770.673283,8361.849895
HMO_assay-2021-04-06,NS0 8 GC AER,48,1825.210717,379.5014898,267.9983848,162.708417,225.7714703,1862.416188,131.4858751,970.7826074,1346.926379,35.32143695,120.7201941,188.7223712,933.3012683,92.54591363,194.0170089,442.8985357,329.4253793,17.08514895,222.5221981,9749.360983,1670.461132,7868.596443
HMO_assay-2021-04-06,NS4 11 TSA AER,48,1996.573909,399.7109503,328.4967991,148.4191439,245.4377134,2090.504921,218.9540363,1089.186932,1522.754333,46.85121427,149.232974,208.456596,1032.965384,179.3849483,216.8931636,563.9197403,386.7615926,40.29188512,240.7615225,11105.55776,1927.517225,8795.581205
HMO_assay-2021-04-06,NS4 4 TSA AN,48,1677.12593,349.4294891,287.5522265,147.0857519,195.7179007,894.1275556,164.8142658,890.8187906,1375.434369,39.30366615,128.6019882,188.5729042,942.3645937,136.7733637,210.4811211,421.5632102,328.8721688,42.05314472,214.5965195,8635.28896,1734.70659,7632.373629
HMO_assay-2021-04-06,NS6 130 SKV AN,48,1917.533591,354.1305707,310.8701904,157.4213577,220.3456715,2109.915889,225.9228135,1082.438674,1429.767463,54.32015907,122.0752763,197.76394,981.7265522,167.8156064,208.2947373,509.680797,344.7781539,36.53441346,227.0772827,10658.41314,1794.867945,8352.257796
HMO_assay-2021-04-06,NS6 41 PEC AN,48,1942.854175,388.5548085,289.0084024,159.8672209,224.5084861,1988.524887,195.9156907,1033.252522,1435.560389,34.83432454,127.5801249,200.4930946,973.8213819,176.3298549,225.647815,495.9033369,346.5106829,45.25549241,228.7427998,10513.16549,1840.882322,8336.613619
HMO_assay-2021-04-17,NS1 24 EtOH AN,48,1995.603571,404.6399407,297.4845733,190.6830789,267.740766,1996.246857,203.0254279,1051.939134,1488.019714,49.36150879,130.9736532,204.1499476,1016.481191,181.1231188,226.4167952,516.0381137,374.5581253,43.17740628,227.2336759,10864.8966,1894.004695,8712.22418
HMO_assay-2021-04-17,NS1 cFMU 1 AER,48,1982.89753,400.2473953,233.3416739,246.3445019,246.9187522,2004.124456,217.6880018,1048.732926,1488.471999,44.45929878,133.8475238,196.1985358,1002.904005,172.1576555,216.5558523,511.6401743,370.6522749,46.1592274,245.5569068,10808.89869,1826.850459,8762.410114
HMO_assay-2021-04-17,NS1 cPEC 15 AN,48,1942.831083,395.4081453,294.9601791,185.5131733,274.9415434,1951.582181,195.2772384,1020.644408,1435.642597,28.96558296,99.93827709,174.6939852,962.5251777,159.1161448,204.6846848,502.3437207,367.4310732,45.05316643,227.2173966,10468.76976,1798.44448,8401.827551
HMO_assay-2021-04-17,HMO_assay-2021-04-17 T=0h,0,1858.93908,386.6996038,283.412388,160.7029321,224.6875153,1824.983527,178.3473333,967.2072434,1359.009406,26.66778839,92.20122293,156.1944665,909.6524785,136.2278788,196.6954229,448.8157717,325.6541016,54.13851615,235.4470139,9825.68369,1729.057499,7893.496434
HMO_assay-2021-04-17,NS0 2 FAA AER,48,1928.658693,388.8072679,294.8936054,169.1128188,256.5851018,1936.863193,203.9481299,1021.971978,1449.680396,46.42096809,107.472669,171.2726894,950.7723066,152.6883063,191.804104,493.0198878,360.8125686,40.46571475,220.5118944,10385.76229,1735.787492,8330.420294
HMO_assay-2021-04-17,NS4 15 FAA-NB AN,48,1905.998886,387.0497063,270.3017381,193.8362563,241.595419,1949.751597,152.9520361,1003.862655,1427.270749,87.02550291,123.7394715,190.7577259,981.5386405,114.385318,220.0182887,483.3855122,346.3054504,31.91890735,231.4244106,10343.11827,1793.117568,8369.872612
HMO_assay-2021-04-17,NS4 22 CNA AN,48,1937.929564,390.133447,278.6484119,184.0076212,239.3102399,1924.007415,190.9207185,1029.612458,1453.198771,48.46132296,127.5956265,200.4990076,991.860237,139.1250855,205.1592907,499.2083436,353.1270265,50.47344136,238.9406862,10482.21871,1835.200123,8467.007117
HMO_assay-2021-04-17,NS4 40 TSA AN,48,1964.451323,392.050863,302.1004249,171.6027243,252.9489377,1971.468045,210.4851423,1030.332064,1456.979446,29.28663613,101.0866664,170.4773172,974.3742776,161.2771758,207.9318475,504.3282266,339.7936022,39.46797884,227.4044727,10507.84717,1776.221944,8388.437747
HMO_assay-2021-04-17,NS6 1 FCC AN,48,1933.004334,389.8130038,292.0409881,157.3344214,253.4865322,1942.951501,198.8949284,1023.951069,1444.738335,46.85154933,131.7424352,197.1181693,985.9387108,171.1969328,210.569242,499.6504253,366.2019984,42.10769339,220.6908473,10508.28312,1821.12369,8399.066671
HMO_assay-2021-04-17,NS6 128 MRS AN,48,1969.127776,403.2319235,316.3602614,168.1584337,243.8913569,1963.502687,220.2814634,1015.859041,1439.579591,25.71747383,93.03206443,176.3802357,970.9292394,174.345896,232.3045011,509.0142679,362.4809653,45.98836589,231.4006838,10561.58623,1849.05102,8411.655716
HMO_assay-2021-04-17,S2 1 GAM AER,48,1976.52284,402.8489147,316.4289418,172.2343259,243.2948468,1966.651704,176.5726293,987.9927528,1439.704961,27.34724126,101.5103414,177.089932,978.0701744,145.5838545,202.1098557,479.7654744,358.4653518,37.11694726,226.8935651,10416.20465,1770.564798,8368.838835
HMO_assay-2021-04-17,S2 12 PEC AN,48,1924.424842,386.0529922,267.5413385,182.2253104,297.5743975,1884.061393,197.5582474,955.8477485,1400.168411,26.82637705,109.1040331,163.9211526,948.9848494,157.9281356,188.4547174,478.9179953,363.3301485,46.97124094,227.965222,10207.85855,1764.923282,8208.290223
HMO_assay-2021-04-17,S2 15a PEC AN,48,1914.322257,389.3943513,286.1654604,176.6828343,252.1866337,1941.479864,181.3541929,983.9975081,1401.661093,27.05542954,94.98600069,170.6878655,944.3489677,153.7660095,202.3761266,471.5178338,349.4761558,44.53042381,226.4046108,10212.39362,1750.648283,8173.494813
HMO_assay-2021-04-17,S3 4 GC AN,48,1971.765776,399.8661971,277.7746565,202.7457933,258.6252495,1983.682336,196.4472782,1008.275066,1452.692061,29.4922756,127.2637795,195.7920316,1002.710759,178.3379548,217.5206751,508.563468,368.0987854,48.64583949,236.643335,10664.94332,1865.075416,8566.411359
HMO_assay-2021-04-17,S3 7 CNA AN,48,1911.130824,391.4800861,285.2774852,178.8675705,236.1133653,1926.474509,191.249124,1007.551637,1426.871589,42.74319217,118.1827475,185.2969729,969.6921763,170.7994889,217.9980481,491.0730811,358.2023867,40.6097783,224.8492824,10374.46334,1791.784788,8324.984455
HMO_assay-2021-04-19,NS1 3 GC AN,48,1970.9121,394.3656094,309.3826032,154.6526513,275.0106096,1993.504098,218.7181172,1049.316368,1476.636765,46.85863847,128.8078487,203.9289433,976.2932404,175.2036389,216.0382662,519.5005139,370.618576,45.11979114,204.2339623,10729.10234,1847.914044,8505.838721
HMO_assay-2021-04-19,NS1 cFAA 5 AN,48,1341.995876,294.7119207,249.5885785,112.9631752,190.99572,1898.029323,176.9526794,969.8012004,1340.113453,51.33726099,117.7555601,191.589872,904.9899115,143.3064525,186.0876979,468.6283526,321.091866,40.99365452,217.8057084,9218.738263,1639.703852,7185.671623
HMO_assay-2021-04-19,NS1 cFMU 8 AER,48,1949.056323,397.1605081,307.5070418,160.7182315,237.3939195,2004.800418,204.8923354,958.6507943,1400.17049,26.67993237,100.4911872,178.537736,934.8648218,172.4010967,228.7276119,486.812242,359.252767,38.78803961,246.6993875,10393.60488,1852.359962,8166.98997
HMO_assay-2021-04-19,NS1 cPEC 2 AER,48,1921.911473,386.9560421,323.0973358,131.7542026,268.6626441,1963.080982,185.5625499,963.6346799,1392.596787,27.44388694,97.19093365,176.4065843,925.175427,146.1732154,205.0642646,483.8829165,345.6326429,40.2682967,233.0857853,10217.58065,1822.194191,8021.818627
HMO_assay-2021-04-19,HMO_assay-2021-04-19 T=0h,0,1930.683754,388.8582103,288.433952,155.7510752,341.0296413,1863.587064,209.0553305,972.7677472,1396.28645,27.0328932,106.157949,175.2566115,917.1939499,144.7133916,195.5271933,474.2261612,343.7840977,43.04878689,219.808272,10193.20253,1827.646658,8066.362248
HMO_assay-2021-04-19,NS0 12 TSA AN,48,2083.995762,447.2426991,352.4401329,145.4497094,259.2229297,2073.066923,161.5901921,1133.327363,1552.823618,89.38716662,155.1190221,221.9442976,1050.263169,137.7054196,245.8559689,527.1508852,377.047353,27.64884628,260.5433824,11301.82484,2056.822778,9007.096802
HMO_assay-2021-04-19,NS0 2 SKV AN,48,1735.410782,389.8242637,270.8966352,181.0375766,275.3650779,1999.897858,185.1356195,1030.802484,1427.057725,33.61438168,140.0912863,205.0063595,966.3856841,174.8140892,210.9307333,480.6342892,338.6172345,35.92467952,230.2893541,10311.73611,1845.648893,8105.349595
HMO_assay-2021-04-19,NS0 4 TSA AN,48,1965.198337,395.0667961,309.325686,153.4843474,277.4620381,2005.556633,185.7614408,1058.823271,1473.443408,47.98189159,134.3441912,200.9975609,964.3270054,178.8430516,218.2914085,498.6550939,361.9936915,43.12677709,240.0888276,10712.77146,1925.143502,8441.905663
HMO_assay-2021-04-19,NS4 16 GC AN,48,1461.487567,371.5503612,266.4749097,159.8988445,231.1789031,1976.824306,200.0296253,899.4801402,1341.539819,34.95295635,168.3177237,161.2025998,913.4055738,164.5536413,154.9770103,498.2667973,322.259451,36.17682948,201.109597,9563.686656,1611.70101,7434.58221
HMO_assay-2021-04-19,NS6 110 GC AN,48,2072.488522,425.0355941,295.9346993,196.5907909,264.9767974,2073.757798,191.6609632,1086.2862,1512.743697,37.49089431,121.365861,214.7999208,1018.95073,187.1373023,233.2774434,537.3515602,382.4154478,48.67180017,204.4506383,11105.38666,1869.877042,8915.982204
HMO_assay-2021-04-19,S2 2 CNA AER,48,1955.727445,390.6373753,310.2893794,146.4306936,251.202056,2000.434097,160.9958882,1037.585467,1442.170102,27.83301138,108.5459185,177.3143227,934.3545117,147.6125138,194.759749,485.4527296,359.7400657,44.47891504,237.6825818,10413.24682,1801.194168,8264.935587
HMO_assay-2021-04-19,S3 5 CNA AN,48,1911.879833,384.2088952,301.9072783,144.7971622,243.5917419,1950.37055,193.4868988,974.423608,1402.831687,26.93084233,97.66769074,175.4127081,916.7869976,134.8958097,205.7338188,475.2399347,343.4977857,44.63265698,233.4516982,10161.7476,1786.215767,8030.311348
HMO_assay-2021-04-19,S3 6 BHI AN,48,1702.065086,381.8330271,273.9593446,132.9528246,268.2747628,1956.961662,196.6505878,990.5571172,1365.936647,40.79520175,189.7241939,194.0242839,932.0663873,198.7108421,162.1555394,498.1145947,306.8619594,40.20564683,214.7617953,10046.6115,1760.228548,7763.269663
HMO_assay-2021-04-19,S5 4 FAA-NB AN,48,1900.083585,381.8655315,282.0209388,158.6891193,279.5438723,1904.84507,197.4692486,966.8314156,1384.990572,25.44976048,102.5943527,173.6150232,909.1860244,155.6578848,191.2783451,462.9180683,335.9122681,38.95821965,216.1694344,10068.07873,1730.586185,7968.671977
HMO_assay-2021-04-25,HMO_assay-2021-04-25 T=0h,0,2020.23448,392.4476417,403.7840441,99.56031033,235.8824282,1998.257518,171.6536359,1039.792576,1451.661755,26.64632638,112.2890129,176.7502778,937.8241819,176.8293512,216.5940612,504.5172502,367.3440953,43.74855383,235.8551186,10611.67262,1921.10123,8288.505758
HMO_assay-2021-04-25,NS0 5 FAA(EtOH) AN,48,1957.171387,390.6380564,378.9659222,88.88569249,219.0230284,2053.533226,170.2069181,1040.455778,1441.492132,24.90689788,110.5299709,166.1890462,923.7275345,172.2549839,205.1294022,490.0837995,356.4863243,47.8159211,229.4368528,10466.93287,1839.47232,8130.763074
HMO_assay-2021-04-25,NS4 21 TSA AN,48,2105.603797,398.2142322,368.2966843,175.929718,261.2047011,2107.495317,219.9319545,1083.816935,1521.767485,45.38831412,129.3074158,213.9652662,1023.688799,190.534529,248.5666285,538.0797025,404.5780662,49.66292513,264.9501592,11350.98263,2099.133493,8950.926559
HMO_assay-2021-04-25,NS4 41 GAM AN,48,323.0272008,393.4588501,387.0301461,150.2968998,311.8955653,2112.632044,146.1147846,985.7724876,1545.991501,49.5582395,147.9322672,230.2563162,1069.933491,169.3927824,253.4727518,526.7649314,402.0316331,49.31377722,270.303232,9525.178901,2223.293817,7118.411036
HMO_assay-2021-04-25,NS4 45 FAA AN,48,2094.854914,380.3911178,355.2936105,197.511581,276.4101551,2084.684347,210.9486117,1083.655039,1508.320425,50.32415947,141.0158843,218.5411248,1017.629366,195.9038177,248.1877108,539.4266261,396.0916494,50.08156958,256.3686321,11305.64034,2100.5366,8929.519044
HMO_assay-2021-04-25,NS4 48 GAM AN,48,2084.485857,376.4580463,373.3783014,174.1490376,299.8758901,2058.095702,202.0760628,1077.053743,1524.232562,46.88059012,141.2748568,219.601602,1014.096962,191.604551,246.8142985,543.7040187,375.425653,45.94313095,255.6857486,11250.83661,2131.017007,8826.101252
HMO_assay-2021-04-25,NS6 131 NB AN,48,2211.833746,406.757056,364.7415739,207.4838654,318.3984157,2174.349547,215.3820172,1134.686197,1597.387682,28.77277757,113.6077635,195.1560256,1037.264078,184.2930827,237.0778524,568.0045654,412.8522691,51.51835604,280.2946228,11739.86149,2129.685441,9314.160804
HMO_assay-2021-04-25,S2 4 FMU AN,48,251.9249803,407.4305128,318.5489468,238.1034175,283.4066111,2240.457389,215.2358838,1045.51865,1622.379381,58.03283578,143.6718733,221.926302,1077.281908,197.1467941,256.915135,572.6754458,419.8166489,53.51149882,279.4274658,9903.411681,2147.261932,7481.877254
HMO_assay-2021-04-25,S2 5 FAA AN,48,2195.566805,407.5853668,369.504965,198.6798691,335.6597094,2118.981497,214.2755761,1119.13367,1588.163698,50.14550068,143.8641002,209.503622,1056.149279,200.2048164,255.3973647,567.3270736,405.9443619,49.29309834,270.9364489,11756.31682,2209.786221,9298.762233
HMO_assay-2021-04-25,S3 1 TSA AER,48,2228.277587,412.8318892,346.2789448,225.1896202,329.3397752,2186.349008,230.4626521,1144.484529,1616.573044,24.47042305,112.3327747,191.4798373,1039.814555,203.0974603,261.1544199,578.8644475,414.9218879,48.61359307,271.086883,11865.62333,2141.141124,9413.96764
HMO_assay-2021-04-25,S5 17 FMU AN,48,2103.998691,418.6682589,364.1640092,198.4265412,317.6804083,2084.122921,252.0142264,1145.721896,1601.329853,57.13004042,143.8422632,226.3930613,1071.481366,198.8565309,247.8796503,558.0142207,405.9819921,55.66085472,259.3593875,11710.72617,2177.879527,9292.303613
HMO_assay-2021-04-25,S5 75 GC AN,48,2135.622359,399.5684231,346.2766124,202.3666945,319.0472934,2098.794457,216.3188836,1105.803575,1551.958349,26.22517022,106.2868586,174.5268917,1008.668841,160.633701,212.4241962,524.3970419,391.0465077,56.65181242,261.9879123,11298.60558,2008.265498,9004.390817
HMO_assay-2021-04-25,S5 88 YPD AN,48,2138.876654,421.0557816,361.1660566,183.3566542,148.4605037,147.4950741,7.277203696,986.4506947,1570.094585,35.16848609,49.09650322,220.6908401,1118.783305,39.8845785,241.098869,69.70606019,331.0478804,67.40307771,263.2344595,8400.347267,1922.886716,8555.131018
HMO_assay-2021-04-25,S5 98 TSA AN,48,2092.331059,403.0084027,336.1069268,188.7981586,297.4101631,2115.046808,224.0207349,1111.160176,1573.906123,47.27379204,142.356198,222.971865,1044.800101,195.9007698,251.8807037,525.8382062,398.2011114,49.00937207,263.8220103,11483.84268,2128.269325,9066.125873
HMO_assay-2021-04-27,NS1 EtOH 50 AN,48,2566.758175,402.7450558,590.9883996,144.969771,330.2048859,2366.652307,251.4196013,1231.049387,1739.531952,36.17360697,117.6162396,213.859741,1132.257643,201.4447709,246.1586393,643.4897914,459.1216935,52.5559545,279.1700889,13006.1677,2408.438631,10145.00214
HMO_assay-2021-04-27,HMO_assay-2021-04-27 T=0h,0,2524.446035,318.4457929,591.6090684,163.7672644,355.255825,2270.689546,258.6161979,1217.896671,1733.376462,65.58810242,154.5080065,256.693116,1159.502201,222.5631566,272.805698,619.1848851,431.4792047,58.95042431,259.4633853,12934.84104,2540.505031,10047.38571
HMO_assay-2021-04-27,NS0 1 FAA(EtOH) AN,48,2281.738366,408.4985997,469.9749294,147.1840854,280.9215771,2164.356093,195.7953704,1153.117936,1601.275237,39.5254984,111.6170276,198.8752981,1052.201437,182.9538642,233.9328574,558.1156924,410.1768383,45.11623047,254.5307259,11789.90766,2128.54846,9306.512282
HMO_assay-2021-04-27,NS0 1 GC AN,48,2409.827654,359.153347,560.0837845,134.0119882,319.8796327,2200.679443,196.2512288,1195.78221,1694.66733,51.38051064,111.5074225,210.2167993,1120.782984,149.017004,238.0126153,573.4789651,441.6845089,44.94968303,254.8145981,12266.18171,2277.241432,9722.198662
HMO_assay-2021-04-27,NS0 10 FAA AN,48,2463.234416,302.3412002,608.5161315,128.6772922,291.3747967,2229.721851,205.3437558,1174.564128,1645.767801,33.18529931,117.7959487,202.7059957,1059.039313,171.9413417,228.4694732,588.8328937,433.3261203,58.42825851,261.9442063,12205.21022,2318.076749,9508.439447
HMO_assay-2021-04-27,NS0 3 GC AN,48,2168.185362,390.8921652,441.5662009,126.28245,248.5169619,1191.61622,143.1188555,1037.96852,1548.563288,43.49007003,125.5280617,217.3890838,1067.868409,101.9025541,250.7669407,405.8460521,385.0866965,37.00514364,234.73522,10166.32826,2078.014917,8790.425713
HMO_assay-2021-04-27,NS4 70 FMU AN,48,2555.902344,331.4761789,591.883872,172.5692182,331.391268,2269.934143,242.3794589,1161.831429,1655.271712,38.66787321,112.2532778,204.7889986,1073.173077,208.4593179,262.0034437,676.2902754,449.5915291,56.51087976,282.5396223,12676.91792,2442.425308,9866.618341
HMO_assay-2021-04-27,NS4 88 FAA AN,48,2462.084898,355.7735024,618.993662,131.7563151,315.0056676,2263.831328,233.1409141,1172.692282,1649.669121,59.66332017,149.8160663,244.4678038,1127.551646,218.1188429,275.3893058,608.6197174,448.4446949,57.62691026,281.5460248,12674.19202,2557.407681,9781.635064
HMO_assay-2021-04-27,NS6 113 FAA AN,48,2400.079507,323.7991868,560.9505643,126.2698326,307.7733706,2211.337563,223.4922288,1174.061795,1637.117448,50.75888579,146.8085262,230.5159984,1088.343515,214.3948949,268.086646,571.5261261,407.2351897,52.67503267,263.0036635,12258.22997,2413.579144,9453.715056
HMO_assay-2021-04-27,NS6 13 MRS AN,48,2491.286656,364.3449294,635.0820936,138.8063623,285.344646,2220.45282,232.3371007,1135.252528,1607.912515,29.96327985,103.3469004,198.2313465,1032.201094,200.5756907,256.5827768,552.5537668,384.7302032,48.22944979,230.2879077,12147.52207,2292.205255,9341.018443
HMO_assay-2021-04-27,NS6 28 FAA AN,48,2334.617967,360.0453878,600.9560092,114.7134892,279.3008289,2056.263891,171.6244073,1117.909364,1588.165907,35.0014502,102.0061059,196.0627515,1006.704602,127.0099926,219.3394935,532.8108295,412.4719186,42.75321012,267.2524123,11565.01002,2237.015927,9079.084136
HMO_assay-2021-04-27,S2 3 FAA-NB AN,48,2483.509372,291.8987883,596.1046785,136.0364192,326.260728,2186.485475,235.6702325,1131.309912,1615.750832,31.58480043,104.6164487,199.6454584,1027.71844,167.1108469,225.8816001,532.1947708,324.2818983,24.41805183,187.6254507,11828.1042,2102.477519,9086.740043
HMO_assay-2021-04-27,S2 6 FMU AN,48,2440.878557,373.9111023,556.5332827,144.0747387,296.3252482,2263.555897,237.5982444,1197.508845,1701.975996,56.7236659,143.5607271,237.3135734,1124.417489,200.2369143,240.0047657,618.639125,412.9371869,47.38835365,253.6310074,12547.21472,2315.781085,9799.884472
HMO_assay-2021-05-09,NS1 26 CNA AN,48,1661.516676,865.8022123,548.810965,210.7005095,0.024944016,17.60602958,439.0355425,1230.610403,911.8153996,30.36227809,6.7860171,86.64813541,1252.68349,96.79685802,35.87923052,250.5109294,169.0415437,57.7528793,99.45602552,7971.840069,1028.446332,8273.221864
HMO_assay-2021-05-09,NS1 8 GC AN,48,2335.674918,450.1524077,429.9006997,155.4363032,290.0503801,2383.753891,245.573888,1223.869666,1721.715973,29.36997565,113.8298718,213.5361773,1137.460908,174.133456,254.1815096,595.398397,427.434774,49.60281914,275.9533488,12507.02936,2206.792484,9846.448127
HMO_assay-2021-05-09,NS1 GC 3 AER,48,2141.556391,400.9135926,405.9916069,151.834881,271.6403665,2158.441136,222.4024536,1126.090541,1584.55342,37.17119098,131.1237551,217.7220661,1084.477457,184.9539867,231.559193,569.8948801,397.0272372,54.19319534,253.9771932,11625.52454,2105.936958,9181.052362
HMO_assay-2021-05-09,HMO_assay-2021-05-09 T=0h,0,2210.824174,419.7381869,414.6313515,145.1207195,286.6495728,2233.740464,250.1769048,1147.631142,1651.467793,50.45256667,146.4638034,227.1979305,1090.920446,182.9578952,237.1001829,547.6149244,398.0723992,50.9296125,256.4925034,11948.18257,2163.987256,9346.885527
HMO_assay-2021-05-09,NS0 1 FAA-NB AN,48,2717.287834,539.3403994,523.7682385,160.0808978,5.666374846,341.7393721,28.56899804,1440.315175,2054.110106,76.33391819,181.1109936,274.5125294,1377.469872,227.3534634,274.918587,720.7231824,505.9329799,67.52427001,313.7137001,11830.47089,2297.37125,11702.60238
HMO_assay-2021-05-09,NS4 13 GAM AN,48,2265.081505,429.6657394,399.2469302,169.4860687,289.0007484,2302.369204,228.470439,1180.092821,1674.48792,31.04176935,116.0181937,207.0949703,1100.237456,209.3266914,261.8074514,565.4098574,412.2573452,51.87571468,261.9642583,12154.93508,2162.655691,9561.617066
HMO_assay-2021-05-09,S2 1 YPD AER,48,2156.670305,414.0506671,386.8924791,170.2883238,285.4866014,2172.259857,243.4421045,1134.578782,1610.864034,45.10433008,136.907021,222.6944835,1078.673467,180.8416729,238.2919653,563.8082408,414.8472646,52.21345333,265.624639,11773.53969,2144.2407,9304.907924
HMO_assay-2021-05-11_1,NS1 cMRS 25 AN,48,2323.424721,395.6285163,587.1428989,118.0829704,296.9445563,2053.860612,234.0376291,1116.231982,1539.146767,30.8939907,137.7843394,219.5629322,1116.063091,202.279477,252.8287395,578.0515628,406.2616505,48.00049629,214.6971986,11870.92413,2272.487596,9312.19346
HMO_assay-2021-05-11_1,HMO_assay-2021-05-11_1 T=0h,0,2554.668202,340.6679681,678.743691,125.5556443,314.3237756,2191.71146,231.915693,1143.885469,1622.485727,31.51007956,144.511616,237.5633852,1131.906904,216.4851209,278.2125564,615.0404069,423.6235089,57.2986239,270.8047485,12610.91458,2587.774325,9727.728592
HMO_assay-2021-05-11_2,HMO_assay-2021-05-11_2 T=0h,0,2086.425912,358.7473059,432.1107301,116.313006,284.0355915,2087.345574,235.2527349,1139.67961,1495.068854,30.72386661,102.4440163,201.3515305,929.8386496,207.6723831,241.387212,581.2033795,416.7802046,49.89265625,269.4095667,11265.68278,2141.320738,8667.605305
HMO_assay-2021-05-11_1,NS0 11 FAA AN,48,2553.491338,326.9672213,589.3908258,163.5567523,318.2025501,2303.637269,243.0033479,1186.400365,1691.715717,34.39245335,114.9924931,209.5645636,1116.461529,173.7235034,244.9161156,614.9133937,439.6715711,61.61193067,277.9941149,12664.60705,2401.194755,9908.872122
HMO_assay-2021-05-11_1,NS4 54 MRS AN,48,2601.303253,317.1839216,642.7328152,157.5744833,340.3566387,2236.358175,38.33351853,1223.293552,1158.892953,57.13910499,166.6761224,256.2058091,1214.763285,177.3492374,246.8548823,628.0336751,426.9665155,50.16686273,289.9980027,12230.18281,2580.010881,9634.621891
HMO_assay-2021-05-11_1,NS6 16 NB AN,48,2361.324939,312.9257212,553.2874639,132.552641,304.6092343,2141.563085,227.7741277,1119.663385,1577.643867,32.19445176,133.5748057,208.4079235,1073.879686,182.9082416,253.6816174,590.7588025,428.0248176,45.67719056,262.9147493,11943.36675,2324.426542,9309.102645
HMO_assay-2021-05-11_2,S2 7 FMU AN,48,1909.582391,455.6976882,436.5809737,99.334971,116.7526349,2192.7987,179.5542951,1635.938537,1489.938242,36.03764737,8.029479193,219.4481982,1331.759846,148.9294204,29.77813629,637.4594619,380.6570835,41.42379457,245.1876431,11594.88914,1413.590434,9829.581562
HMO_assay-2021-05-11_2,S5 11 FCC AN,48,2127.66654,402.11432,421.1658521,113.2876591,284.4015297,2182.236025,246.3200956,1188.125327,1563.42232,34.97016954,103.6070353,209.9992135,995.7803326,214.4518236,270.9237167,600.0500024,419.9828199,44.19832999,284.1817135,11706.88483,2217.781151,9018.648633
HMO_assay-2021-02-12,HMO_assay-2021-02-12 T=0hr,0,1586.687389,318.6645718,368.5583993,55.45585986,256.0104602,1476.06473,191.5895687,853.5202353,1149.874508,43.75627444,105.3418083,136.2460714,714.1178874,132.3311986,157.8724806,427.1404141,240.3680677,92.5357992,179.2201676,8485.355891,1725.413634,6492.062822
HMO_assay-2021-02-12,S3 2 CNA AN,48,1609.519915,316.3086416,343.3351562,50.54261396,196.3252652,1553.875202,213.8544666,857.0995253,1141.173842,30.93137651,105.6760485,130.4829998,715.5972565,125.6162888,120.5976158,380.8491014,231.4399445,72.2254729,143.3744525,8338.825185,1448.214552,6403.267505
HMO_assay-2021-02-12,NS0 8 FAA AN,48,1637.339066,331.3368714,346.336529,53.12914657,198.3294845,1596.967979,196.4422758,862.122206,1158.044942,37.65744553,106.3056172,137.3683324,732.0872993,137.4389299,149.0724788,439.7972371,272.043819,107.8733272,183.3091457,8683.002132,1668.849867,6688.691625
HMO_assay-2021-02-12,NS4 43 BHI AN,48,1557.896825,305.1999835,337.8658054,47.77079568,212.7763134,1529.152225,174.3898171,831.1779002,1109.891403,35.38559952,132.6857521,162.3887774,736.2825584,136.8936806,153.6594498,422.4232617,257.2619591,104.1133551,183.948346,8431.163808,1729.15895,6448.718955
HMO_assay-2021-02-12,S2 5 FAA(EtOH) AN,48,1509.162885,303.2133542,328.102865,40.14995219,198.8888346,1449.21214,190.7736373,802.9361226,1074.602581,33.09502629,101.4014549,128.2773832,685.557106,134.7858283,149.6394489,417.277889,256.008182,105.4944769,164.4855677,8073.064736,1595.909525,6209.212816
HMO_assay-2021-02-12,S3 8 FAA(EtOH) AN,48,1400.048228,283.0967185,298.4946919,37.03694397,158.7658449,1346.228013,176.2940418,724.0445917,976.1756242,26.48039158,91.18991819,110.1318641,604.9499343,114.7130625,120.2288987,365.0571326,227.1774646,84.63373222,159.0695964,7303.816693,1386.446774,5597.865104
HMO_assay-2021-02-12,S2 13 PEC AN,48,1472.198878,295.3151215,316.0286559,44.96892976,180.3452175,1435.336531,168.3175563,785.8987616,1060.270402,44.80223269,114.9383327,130.9573562,669.4531836,124.4667103,136.8632559,403.9162057,247.7485041,107.0217161,182.1535426,7921.001094,1594.346591,6093.764553
HMO_assay-2021-02-12,S3 3 FAA-NB AN,48,1499.977,303.1676048,319.1788943,47.13494412,191.4275755,1459.70393,172.1886523,795.7285422,1071.885681,50.73896772,121.2706755,134.9336088,676.6273109,125.533236,121.3169168,395.2140415,190.5845983,92.36519349,132.009742,7900.987115,1458.194459,6037.770737
HMO_assay-2021-02-12,S5 1 FCC AN,48,1515.779769,306.3018162,326.8422077,43.82624825,211.7609142,1445.230101,186.2269807,794.2667507,1064.211082,31.51760054,96.94747684,114.6240653,657.3439882,124.07028,134.8117549,396.1934751,228.2553902,95.4759562,154.8482808,7928.534138,1520.446648,6062.597704
HMO_assay-2021-02-12,S5 66 YPD AN,48,1472.967974,303.6487035,316.9131251,43.6089411,165.160735,1449.542882,168.6400185,780.135513,1042.674176,34.49842768,92.29340851,131.013528,676.2489496,122.296442,142.9988128,391.1711024,223.5308176,97.25556588,160.5802595,7815.179382,1507.050073,6009.128879
HMO_assay-2021-02-12,NS6 21 BHI AN,48,1502.890178,303.9443956,317.2401138,43.08889976,211.6705183,1384.346939,209.0227296,791.0004021,1057.052182,31.20054117,96.12963508,127.042306,680.1934472,134.6862371,156.963213,405.9941126,249.0395205,97.69418017,181.0801524,7980.279704,1623.557664,6134.419727
HMO_assay-2021-02-12,S5 32 GAM AN,48,1435.566884,293.5463059,309.1136634,44.41360956,182.8460054,1423.202014,144.3382008,760.5402758,1018.24681,30.24020711,94.14143415,120.6751322,650.8815219,116.3355944,129.3687851,377.452472,231.0771867,95.2502382,164.2359751,7621.472316,1484.486232,5863.58783
HMO_assay-2021-02-12,NS0 2 GC AN,48,1573.317748,320.2645842,328.598205,47.98419622,223.2803306,1467.59104,194.43054,827.7062612,1105.115346,33.30380231,107.3999087,143.1877041,738.1637512,144.2095483,158.5184034,443.483069,223.3011247,111.1782651,172.0144717,8363.048299,1685.888429,6433.26722
HMO_assay-2021-02-14,HMO_assay-2021-02-14 T=0hr,0,1505.653229,300.8480911,347.2960238,61.69618619,236.8157464,1468.038632,226.3570481,854.9671759,1164.477872,51.5781649,136.0736557,152.4829582,734.0037126,142.6625259,155.5358875,427.8540676,257.9519738,114.3707402,193.9440247,8532.607715,1800.369689,6527.053086
HMO_assay-2021-02-14,NS1 cEtOH 12 AN,48,1472.713913,322.097804,318.2715307,45.13415106,171.3525906,1545.027642,200.9936487,823.6018642,1119.241564,30.34645097,106.172634,133.0231047,719.9368693,134.2958177,143.8382817,413.2415705,236.5112667,104.0663367,167.5474199,8207.414461,1559.723937,6288.474078
HMO_assay-2021-02-14,NS0 3 FAA(EtOH) AN,48,1392.659245,278.4740253,319.5807085,42.41664667,168.9836369,1470.046542,171.0023608,798.4306155,1093.114695,44.31215289,129.4937771,136.4113607,679.7472641,136.9550157,145.4367148,414.9854173,250.469244,104.3668129,186.6567701,7963.543006,1627.390079,6071.609273
HMO_assay-2021-02-14,NS4 42 FAA(EtOH) AN,48,1329.523949,281.1451359,318.9322062,51.00479944,137.3970679,1374.781292,202.7096805,755.7558429,1039.142493,41.25139152,120.5897144,136.7561708,666.2115372,148.2891772,160.6111793,403.7147078,244.3990316,90.96652797,176.4557912,7679.637696,1569.742156,5864.730784
HMO_assay-2021-02-14,NS6 106 FAA(EtOH) AN,48,1438.998151,291.9708685,341.382888,56.74184783,151.5741456,1504.369603,184.3624139,811.8509771,1099.226467,50.82491361,119.5894043,141.9776963,696.4992057,127.856022,140.0900238,400.7448396,249.1643758,95.20790283,181.8483302,8084.280076,1588.816648,6193.634978
HMO_assay-2021-02-14,S3 3 GAM AN,48,273.6104647,300.0010301,274.8880427,36.26319551,96.40107841,1335.943487,160.5139481,642.8541971,570.5002269,214.3321933,58.81869124,105.872838,629.213818,86.24057697,29.18845936,296.0625034,106.8095034,50.75722439,107.0328281,5375.304307,909.9376741,3892.690874
HMO_assay-2021-02-14,S5 27 GAM AN,48,1395.160769,288.7815273,315.7426914,36.30403783,141.7783504,1460.315785,209.8350671,769.2784005,1063.22213,27.88868701,92.37038389,111.7531544,647.8310165,116.0403406,128.7257153,389.9700218,224.1443927,110.4767982,174.0518666,7703.671135,1488.15334,5861.337228
HMO_assay-2021-02-14,S2 2 BHI AN,48,1441.060801,299.6734673,319.1682635,46.64841887,176.8971075,1447.988593,205.9667728,837.1717279,1143.963517,54.76116952,152.5771037,155.3825719,738.819662,136.286828,135.06175,417.5195117,218.3353363,94.92374491,171.8532359,8194.059583,1607.702508,6296.680774
HMO_assay-2021-02-14,S3 6 FAA AN,48,1439.101098,304.4570157,310.250005,42.1698985,142.1455845,1493.664672,207.5712865,810.3826117,1100.923352,29.09813134,104.556845,113.88407,673.3856206,128.2054211,133.1333872,420.7151532,240.1864772,110.3305788,177.2372728,7981.398481,1512.238982,6126.491933
HMO_assay-2021-02-14,S5 4 FAA AN,48,1358.148004,269.5757427,294.7714155,45.3800931,165.9974688,1359.449524,244.570441,757.3094027,1043.487896,26.12612207,93.24412785,121.5828707,663.1320122,120.4512811,137.3909547,388.1373438,241.1560195,88.49891765,170.1568536,7588.566491,1467.689335,5830.619679
HMO_assay-2021-02-14,S2 5 BHI AN,48,1123.06305,236.071393,248.8610925,40.80499559,123.2079472,1164.070143,179.7669468,630.549706,859.9353986,27.54474235,77.71853729,94.32375669,536.4623648,100.6426217,114.7609843,327.4057319,198.056297,78.81141895,143.2904119,6305.34754,1217.836964,4834.028756
HMO_assay-2021-02-14,S5 71 TSA AN,48,1424.705958,304.1476124,296.0196991,50.37509523,213.2638468,1420.338231,187.5910578,816.3836328,1123.652742,45.33621183,127.4067615,148.0018367,723.0903539,131.6343126,143.7410832,417.8933148,253.0284856,105.8092218,188.7891943,8121.208651,1661.371143,6290.916563
HMO_assay-2021-02-14,NS4 44 YPD AN,48,1490.162763,309.6045957,325.7658749,56.0321942,115.9972299,1628.090429,160.137447,833.3486207,1139.143452,31.47147526,155.0251643,164.5047116,756.4494943,136.4249226,148.9099453,432.8559336,230.8837411,122.7653692,197.1208376,8434.694202,1698.885285,6446.083069
HMO_assay-2021-02-20,HMO_assay-2021-02-20 T=0hr,0,1413.315933,297.9600698,303.2224448,48.08978735,105.4010957,1579.890586,175.5717644,817.5683151,1133.739022,43.96448764,125.2575951,146.8716229,725.7137545,130.2775684,140.7112765,423.9853165,256.0030545,112.469556,185.5694009,8165.582652,1558.253225,6302.615893
HMO_assay-2021-02-20,NS6 45 GC AN,48,1346.749517,286.3017575,302.2380013,45.87259746,129.1683038,1487.4483,180.6146695,764.7908061,1065.386904,25.17858376,96.10297816,107.1385806,645.1957142,118.9339236,123.830247,400.2707287,243.7069467,99.36293992,168.2785322,7636.570031,1417.591302,5857.591754
HMO_assay-2021-02-20,S3 2 GAM AN,48,1265.780177,256.9593037,281.254733,42.68481774,169.7477861,1426.525426,128.6310592,733.8765029,1009.348406,26.27819942,88.15163942,100.5476005,611.2939262,121.5906163,130.21536,381.087744,231.1653724,98.69644691,162.4685463,7266.303664,1422.462465,5542.315013
HMO_assay-2021-02-20,NS4 58 TSA AN,48,1366.649512,274.3531646,303.5056717,46.77881481,172.5767372,1480.001653,204.5527884,787.1439535,1083.242587,30.28914564,96.24632364,108.4303718,663.2958631,124.7089919,116.9437678,396.9105712,225.2838351,94.8156015,133.4316656,7709.161019,1371.141174,5904.121561
HMO_assay-2021-02-20,NS6 104 FMU AN,48,16.89180185,638.4152499,42.5980782,21.28990262,93.24063963,1417.500686,102.1459767,66.95317037,885.9755507,201.0477499,63.1954898,107.5908761,453.6671624,146.6680038,10.30644428,119.7015188,69.22240114,28.47137994,52.43621924,4537.318301,489.0531706,3045.815354
HMO_assay-2021-02-20,S5 15 TSA AN,48,22.53886039,622.2469635,79.60757335,9.835337264,162.8281577,2181.547411,140.7008193,205.6984858,655.6589821,404.2344796,16.58268135,59.72300549,494.09005,160.0188084,22.71411687,96.63056325,51.19849877,31.1964859,19.74003677,5436.791317,466.042697,3148.452593
HMO_assay-2021-02-20,NS4 36 FMU AN,48,1303.832568,306.4697616,295.3039581,47.6870058,94.07651294,1389.293006,134.7202315,763.041758,1062.621907,68.60795121,128.6572141,141.4215991,693.6495563,109.3438896,135.314434,377.287992,224.7301913,116.4185081,176.7305069,7569.208552,1516.386182,5930.413953
HMO_assay-2021-02-20,S2 2 GC AN,48,1354.89025,283.2377966,317.1760264,44.20328248,86.46282796,1521.977971,137.006685,804.8311023,1108.287811,55.39440777,119.813387,137.1612055,700.410549,134.7552741,153.5969292,414.5750325,237.5781042,127.9065947,187.3829009,7926.648137,1598.386297,6113.506866
HMO_assay-2021-02-20,NS4 66 GC AN,48,1451.232282,292.2144135,349.7552006,55.51264026,158.6997777,1603.14483,164.1498665,851.3805,1175.440466,48.81361832,135.476402,157.0494259,757.6030124,144.8965424,160.0887478,444.4621192,255.6797431,129.8124792,193.6745737,8529.086641,1768.132407,6530.94667
HMO_assay-2021-02-20,NS1 7 TSA AN,48,266.4685128,297.4323889,280.3849029,50.09054119,172.44078,1467.14849,191.1647393,709.7083798,1086.572489,74.46254622,117.307415,113.3993789,644.6934405,121.8237434,138.5083882,410.6447694,241.0595084,101.1857668,173.0436602,6657.53984,1509.008107,4818.161832
HMO_assay-2021-02-20,NS0 1 CNA AN,48,1330.060978,281.7049934,354.0260602,60.0762134,116.6425915,1567.883021,130.3223486,852.1462846,1113.332587,102.3656398,152.3488755,148.91422,771.6275298,102.1099346,129.3075914,411.1730258,197.2593941,63.08707898,135.1499542,8019.538321,1427.020996,6211.796861
HMO_assay-2021-02-20,S2 7 FAA AN,48,76.24593806,331.0183315,254.4087595,47.19500417,130.9413803,1737.949447,158.4491655,669.9878553,1151.178202,56.22268048,142.9992619,139.4748206,700.5298449,140.0448831,115.9808997,433.0222536,241.5678832,112.946809,171.8245841,6811.988004,1469.328808,4809.207534
HMO_assay-2021-02-20,S2 2 TSA AN,48,177.6557073,252.1951211,270.3265578,44.59611387,142.606639,2041.638606,224.0392159,740.629333,603.0406203,105.0909417,174.3463379,132.4290323,653.7633283,275.1515787,94.87231182,366.4734967,121.8841904,85.31537722,87.72695766,6593.781467,1255.53786,3970.887862
HMO_assay-2021-02-22,HMO_assay-2021-02-22 T=0hr,0,1414.688276,297.7225639,335.4267275,43.00759885,153.8989262,1521.611234,162.4074568,795.1020152,1119.606666,52.97420886,136.1223376,149.3782502,714.1918299,132.6836242,142.9765938,415.3476192,244.0367916,116.2666676,186.4088745,8133.858262,1666.130513,6214.180457
HMO_assay-2021-02-22,NS6 1 YPD AN,48,94.15414964,396.6152106,225.7835075,42.38968294,239.2635183,2009.078943,197.2397365,686.7199589,998.8617744,188.4994255,12.01616521,26.89581467,791.0917263,256.8077709,36.1311802,512.8599166,172.4860956,106.056712,15.89840468,7008.849693,820.1315993,4995.702157
HMO_assay-2021-02-22,S2 2 FMU AN,48,5.115905683,384.259908,151.9071705,43.12800438,110.9288894,951.0372252,85.62847747,268.0309969,747.711465,172.6896046,124.0644558,81.6610387,514.9296139,71.43789351,99.32143859,247.2184167,132.1948601,54.82713497,105.1213625,4351.213862,987.1014266,3260.358389
HMO_assay-2021-02-22,NS6 115 SKV AN,48,1307.501222,301.4092524,359.7735659,41.88720417,183.6530628,1498.008747,190.4824411,798.202456,1147.650979,51.7112474,137.5826849,154.4409564,736.3445708,136.6589234,147.4909303,428.0706914,242.0191217,131.1123558,192.7098089,8186.710221,1778.07646,6206.159997
HMO_assay-2021-02-22,S5 15 SKV AN,48,1368.795777,285.5338142,329.5043706,51.0613513,274.0761365,1497.707446,145.6592856,799.1633451,1041.973649,32.41805607,109.641298,104.0536329,666.7749299,139.624582,128.1654057,423.8134494,232.3413243,111.0466752,165.6902945,7907.044823,1627.080189,5963.099976
HMO_assay-2021-02-22,NS0 2 CNA AN,48,1161.037442,269.4668951,321.5541412,43.50561201,147.531367,1500.653919,153.2909624,767.8102307,1027.333381,80.10327156,131.2470149,130.2604049,671.038513,91.14816129,98.52484038,337.9195758,213.5913756,93.27032846,157.605643,7396.893079,1429.394552,5593.212125
HMO_assay-2021-02-22,S2 11 PEC AN,48,1597.032542,332.7530499,396.9691442,43.75651177,155.599889,1729.453972,172.9505584,859.1562057,1228.8963,43.85390363,143.7353924,148.8501125,782.0512049,121.4251679,106.5111118,440.0255477,232.5105775,131.9022936,197.3364302,8864.769915,1716.654209,6750.256431
HMO_assay-2021-02-22,NS0 6 CNA AN,48,1327.008716,271.6544897,308.1752511,51.54293692,161.3265795,1337.882106,156.2733381,729.2566897,1049.235833,72.7524237,105.7564496,136.2799418,670.2915097,95.19723696,138.8610751,365.0144939,216.8185216,113.7496581,182.2261088,7489.30336,1581.211906,5805.978241
HMO_assay-2021-02-22,NS1 PEC 21 AN,48,1489.613445,308.2895727,336.3115978,72.19506154,178.1487554,1073.612456,150.8083755,774.5641545,1116.669161,37.24537361,83.6622627,121.6000444,717.2690322,92.84807486,127.3690162,371.3615111,228.5026143,113.7655637,177.2150439,7571.051116,1556.421908,6247.442198
HMO_assay-2021-02-22,NS6 31 PEC AN,48,1345.027148,324.3330669,343.6319995,63.82817538,234.1908677,1506.582121,212.8323484,841.5790209,1189.238514,63.10122357,136.472161,160.8846121,768.738141,141.933225,169.4386959,452.2133624,243.7695579,109.9487073,179.5424702,8487.285418,1793.039387,6478.112791
HMO_assay-2021-02-22,NS0 6 TSA AN,48,1474.116581,302.9641394,354.8175494,63.85770615,214.119281,1480.451207,143.072977,784.3790526,1108.895311,28.25394897,87.80134955,112.1456162,663.4984167,121.8446752,147.4387542,391.8862483,254.4298534,125.1155152,196.4426741,8055.530857,1706.877683,6179.182749
HMO_assay-2021-02-22,NS6 16 FCC AN,48,1333.815356,283.6566079,273.3608652,70.96381963,182.7554158,1327.514813,177.626233,725.3748238,1033.455435,41.9456472,116.4526127,139.6011673,659.5426956,116.2642032,146.3984769,377.0989504,230.2925523,101.5023239,171.0430836,7508.665082,1550.05783,5818.447279
HMO_assay-2021-03-01,HMO_assay-2021-03-01 T=0hr,0,1540.837814,316.8023019,324.4640041,61.3515963,218.2470954,1513.299015,177.9279064,827.7891756,1147.883298,46.63317892,123.9892148,154.1237,720.7480581,118.4329334,142.3689434,420.3526789,258.0925141,92.25193495,180.6665201,8386.261884,1651.398811,6472.934719
HMO_assay-2021-03-01,NS0 1 FAA AN,48,1370.872718,291.6802983,325.3723594,61.38849378,211.6226809,1340.808084,182.7032702,771.4792409,1066.458268,51.21712815,120.948486,149.1074686,665.1633968,118.7337122,152.3444785,381.6372548,230.7234298,94.73569192,169.9676163,7756.964077,1641.146568,5942.631241
HMO_assay-2021-03-01,NS0 4 FAA AN,48,1212.855306,279.3251059,284.5984138,51.12773661,118.6251012,1565.293521,182.8739585,746.753674,835.2333404,27.08851103,124.0194538,95.04617005,651.1174544,132.7819129,103.791941,400.587101,209.5601718,102.3616618,165.6118618,7288.652397,1365.820068,5427.815426
HMO_assay-2021-03-01,NS4 50 TSA AN,48,52.3372279,193.1355642,212.0583328,47.95646717,202.8510534,2043.163131,175.9686319,614.966454,220.3212912,237.1699183,160.7594927,128.6721865,487.0086838,293.8524223,102.9554015,195.8789982,38.19134849,53.14142114,48.0862346,5508.474261,1112.70718,2713.263874
HMO_assay-2021-03-01,NS0 7 FAA AN,48,1511.794561,326.9283468,308.2391144,59.64183156,70.03870674,241.4338413,189.1284344,748.8562927,1065.58068,64.1960493,115.0003725,139.6082654,679.4525963,93.3757749,122.0972721,382.1145779,223.620603,97.46973297,164.9417902,6603.518843,1401.904049,6122.370302
HMO_assay-2021-03-01,NS4 1 FAA-NB AN,48,1530.815103,316.8600069,321.071343,76.20141214,167.4133368,723.7911735,164.5854359,764.8578744,1148.360968,88.66821722,113.7279015,143.8265281,736.7287706,102.9053799,167.8794791,371.8843334,253.5244619,118.5091535,195.1991707,7506.81005,1709.214716,6472.864946
HMO_assay-2021-03-01,S5 14 FCC AN,48,1606.242407,323.1677569,331.7776792,72.5004987,178.9492449,971.4206444,166.5928245,872.3802625,1260.333555,92.09822601,133.0053324,170.1468685,825.3995655,122.7662612,179.3282438,427.0171672,263.8704912,122.5122953,194.5072873,8314.016612,1806.574778,7027.292781
HMO_assay-2021-03-01,NS1 49 NB AN,48,1522.744187,308.0696633,333.7516354,76.17427789,191.0582157,1521.23321,215.0787142,852.7809695,1171.146232,33.21901747,103.5694552,137.0065625,750.7945774,133.6304827,161.2155014,454.29261,267.2242825,136.2203405,209.5530023,8578.762937,1779.363557,6666.859295
HMO_assay-2021-03-03,HMO_assay-2021-03-03 T=0hr,0,1448.796672,292.0723756,312.086647,55.7274256,205.0492375,1436.830526,235.0434456,837.0173719,1135.567498,33.72361137,94.81996864,133.8330343,718.3788561,127.8583679,145.7561162,437.0917248,255.3859405,108.113151,185.4844031,8198.636373,1624.496228,6351.366849
HMO_assay-2021-03-03,NS4 40 BHI AN,48,1467.802074,282.810306,315.1641325,60.29320895,218.0507473,1540.928703,188.574453,863.3645298,1160.730639,58.66343999,123.0060279,156.9867721,753.057011,132.8255778,154.5055829,423.4196552,241.9262763,121.3964252,185.9718238,8449.477385,1736.955344,6488.740062
HMO_assay-2021-03-03,S3 1 FAA-NB AN,48,1525.236323,311.3998971,257.3567838,34.47449752,229.9463952,1535.992651,215.7804605,900.8074672,1234.451114,26.91860065,288.356051,165.3368079,788.9589904,146.6398828,27.58978023,481.046256,250.9263449,129.3450663,204.3214652,8754.884835,1663.508661,6757.92439
HMO_assay-2021-03-03,NS0 9 FAA(EtOH) AN,48,1406.462996,283.201346,323.2925529,61.84751237,218.8539597,1428.87431,208.651364,837.5875133,1133.924711,55.97587344,119.6550706,155.0647634,733.8539576,138.3190283,166.1891818,417.951044,244.3208256,126.5576407,196.1155866,8256.699237,1794.591165,6341.705715
HMO_assay-2021-03-03,NS6 116 NB AN,48,1165.767918,279.2244784,298.0344928,52.63914617,180.558579,1471.704598,202.5895579,798.9209476,1098.877997,31.6936389,91.49579908,131.9077928,702.1522739,136.2993605,164.2579528,372.8628877,230.270559,115.3996176,178.4112577,7703.068856,1618.13432,5832.871444
HMO_assay-2021-03-03,NS1 cEtOH 19 AN,48,1418.637487,290.4302068,313.6460328,57.86839752,211.4275423,1484.144534,140.9621868,808.8635678,1100.336058,34.6235604,94.39134706,134.9514121,702.6955724,134.5901849,168.0865456,423.8417697,248.0169158,132.9514465,200.3605582,8100.825325,1757.213435,6226.845867
HMO_assay-2021-03-03,NS6 103 TSA AN,48,1422.700658,301.8350747,238.0333625,40.25202036,193.3942244,1451.561807,168.0238463,781.0672989,1081.466687,14.14818164,245.9352898,144.1063964,683.61747,124.8951377,23.39194928,417.0829723,214.1159218,108.8646909,176.2548652,7830.747854,1438.492284,6003.136388
HMO_assay-2021-03-03,NS1 cFMU 24 AN,48,1119.802937,260.4683879,235.9341367,39.22711635,120.6793094,1462.082221,175.1994777,717.6962949,855.452494,33.94720194,90.68569396,76.09993473,610.6030119,165.577072,84.10140106,386.1173236,188.0084668,95.743538,108.6512331,6826.077252,1100.391419,5144.905367
HMO_assay-2021-03-03,NS0 3 GC AER,48,1331.825185,265.411528,318.1286379,74.85159546,252.0001775,1435.757673,214.7669356,873.6678933,1171.042919,46.75897616,132.3721232,155.6447587,763.9710668,143.2731153,167.0361463,449.7261266,242.6114744,128.7453175,184.9137364,8352.505386,1819.536098,6430.046218
HMO_assay-2021-03-03,NS1 TSA 64 AN,48,1538.605509,313.8958386,338.9749699,77.47700261,237.0017965,1487.008673,257.9595824,899.2404262,1216.268671,51.50347107,145.2979734,163.1649599,778.498995,139.2437173,148.0883114,455.1224023,257.0274949,134.5245001,204.3356786,8843.239973,1858.33668,6835.167803
HMO_assay-2021-03-03,NS6 58 GC AN,48,1511.170928,310.0307765,315.2236103,74.85499882,247.6603158,1559.405602,228.8192232,852.2693449,1199.238992,31.07100885,115.3733049,147.3084099,787.7409673,157.0793348,180.3964158,471.5108247,282.4516688,143.9148579,227.0453457,8842.565929,1928.27888,6809.302002
HMO_assay-2021-03-03,NS0 10 TSA AN,48,1559.66315,314.8275677,316.2221026,69.29889714,259.8265398,1561.246604,236.9891961,887.7983954,1234.350036,32.96865834,115.9339179,150.7070507,795.2774469,135.7609345,146.34596,488.2979201,263.1230262,141.2741753,205.3700886,8915.281667,1828.670059,6914.578644
HMO_assay-2021-03-03,NS4 44 MRS AER,48,1389.412784,272.0697704,279.3867773,64.64602018,202.4999289,1456.945738,206.0637937,827.9415311,1127.359836,33.3650648,105.632135,136.7823676,719.3996523,144.076726,162.4974204,441.1425942,250.0960865,114.3560955,184.0738369,8117.748158,1646.155914,6273.931194
HMO_assay-2021-03-03,NS0 2 FAA AN,48,1543.051643,303.5991876,340.1029173,77.0227728,244.8797461,1585.646516,214.2292162,878.0941615,1216.297903,29.62351478,127.2745931,146.5079891,776.1621531,152.7810665,153.2026001,488.1724594,278.4390835,154.6064523,220.9703634,8930.664339,1916.324077,6876.69334
HMO_assay-2021-03-03,NS4 1 BHI AN,48,1380.343927,274.2083756,304.3468987,73.91437994,207.850648,1489.786075,162.2045512,799.1753643,1100.860013,30.88627329,104.4915409,133.0812081,704.1267415,118.5387739,126.4929565,440.938618,253.4997621,104.7885864,183.6462301,7993.180923,1579.625842,6194.282924
HMO_assay-2021-03-09,HMO_assay-2021-03-09 T=0hr,0,1471.871332,296.9471049,301.3399188,74.68153512,201.1437821,1546.778585,207.7702493,853.4886711,1175.30188,31.26113844,113.9874161,139.1468376,751.2152696,121.508771,125.0734391,474.0045948,275.7862603,133.079792,203.4684966,8497.855074,1678.86141,6639.320643
HMO_assay-2021-03-09,NS1 EtOH 53 AN,48,1459.027304,293.1180269,293.5579694,86.58671736,171.3675485,1294.112383,91.15456974,881.0805352,1237.767979,131.0886966,152.9206036,161.7636294,809.5043507,38.82626986,144.6067614,403.8503132,270.0837181,90.56021983,220.5286543,8231.50625,1691.001022,6828.842647
HMO_assay-2021-03-09,NS4 70 FAA(EtOH) AN,48,1420.415799,293.4902882,302.8134374,81.09465234,217.5810304,1370.855402,248.7888713,803.7816219,1095.92119,27.96608755,104.1615238,129.9080075,693.2707364,122.63507,126.5943906,436.5986192,239.8712996,110.9315795,168.9318012,7995.611409,1567.379542,6217.578562
HMO_assay-2021-03-09,NS4 41 SKV AN,48,1305.305686,282.2047966,305.4566447,73.80173259,180.432691,1372.605257,214.8769429,776.95253,1075.039941,45.70626402,124.6461392,141.9663199,685.3913174,122.4541123,137.9219726,410.0839099,231.7861863,116.3697298,184.3675477,7787.369721,1629.820295,5993.62133
HMO_assay-2021-03-09,NS1 cEtOH 9 AN,48,1388.518166,283.3505572,305.8897865,64.0883166,155.3007167,667.8024595,75.16538844,803.8942187,1139.58563,123.9388583,139.9804498,145.8113613,741.4091635,30.66079978,128.9717953,375.6917581,255.3216088,81.16848918,203.0439248,7109.593449,1573.350733,6317.785856
HMO_assay-2021-03-09,S5 1 FAA(EtOH) AN,48,1466.622841,312.6741013,71.04905094,47.57447309,203.339439,1109.364085,103.4210572,834.3710673,1175.72129,116.8866253,152.0094704,137.6549659,791.2953222,44.13587637,137.8324089,387.0593641,231.0310736,85.04781932,190.6840895,7597.774421,1391.181562,6518.184846
HMO_assay-2021-03-09,NS1 cYPD 19 AN,48,1514.278289,319.62429,278.8719804,52.66056977,231.4641969,1487.975297,125.9373679,869.9638572,1257.530669,18.97133638,267.9689686,196.9458615,800.9536487,71.11917758,47.46883699,387.8275684,236.6773211,94.87689992,216.4827079,8477.598845,1692.907897,6643.655989
HMO_assay-2021-03-09,NS6 1 TSA AN,48,1622.658149,335.0547272,288.5741614,58.36915789,245.292865,1561.654854,154.6639788,914.6221888,1319.142029,59.06078929,282.9090143,187.338267,840.090494,117.8606433,33.3486606,424.6588627,252.6061125,98.42656501,227.1733943,9023.504915,1722.011548,7075.75484
HMO_assay-2021-03-09,NS6 28A MRS AN,48,1260.039677,282.5704878,213.0246455,39.95610595,171.8254594,1214.234847,151.0456776,760.2493642,1088.140474,49.10299276,231.8352829,174.3024491,672.7422394,40.08785407,31.34456352,304.7147356,207.7283778,70.54728143,163.5872605,7127.079776,1321.946048,5656.218459
HMO_assay-2021-03-09,S2 4 PEC AN,48,1503.43859,316.8401093,318.3848484,96.61080439,212.9211877,1533.905709,249.5076495,886.9425806,1224.190766,52.96395453,149.6208967,167.9643553,804.9492398,149.2535273,157.8097176,476.7922906,254.2746939,128.3981173,192.125821,8876.894859,1805.5586,6901.235884
HMO_assay-2021-03-09,NS4 40 CNA AN,48,1372.361312,267.2233265,288.3632014,70.14559504,251.6646803,1339.947515,163.5435417,795.4787272,1090.698754,43.76245786,129.6676297,144.4843663,696.2747829,125.7859453,146.1204806,415.1019636,223.5017375,136.5810152,188.5687308,7889.275764,1756.720331,6101.051788
HMO_assay-2021-03-09,S3 9 FAA(EtOH) AN,48,1374.441308,276.1917658,238.5370027,44.86782991,235.7891269,1332.119254,112.8162169,778.8318132,1120.617789,21.38396595,217.7611959,158.3673618,715.2816374,24.15786117,41.23662739,362.0114358,204.6321946,58.70620845,135.5987988,7453.349394,1321.537957,5921.747611
HMO_assay-2021-03-09,NS0 2 TSA AN,48,1407.144102,285.9105396,227.877675,15.49058941,219.5071395,1512.719402,222.899098,814.1777856,1109.450694,20.14454497,16.04068219,24.5730636,715.1643498,198.4476602,23.9777866,547.1645337,256.4119154,106.7959286,14.09926859,7737.996759,777.7445279,6264.921838
HMO_assay-2021-03-11,HMO_assay-2021-03-11 T=0hr,0,1551.608244,332.3509592,307.5317017,72.35746863,245.7072808,1410.597815,190.4344012,792.9634818,1088.227635,30.619755,114.443663,125.8775418,692.6186142,108.6900612,108.9257119,416.8980468,256.9232325,114.7368937,190.5852658,8152.097773,1622.05593,6371.203646
HMO_assay-2021-03-11,NS0 13 TSA AN,48,1502.013155,304.8348553,23.5997766,61.67119195,193.031464,1360.574786,173.8330965,746.1702464,1031.630814,39.3616336,103.3925128,98.22863018,656.3323072,112.3811951,90.11590666,363.3605543,230.7446388,112.209885,157.9698603,7361.456509,1138.843687,5997.077419
HMO_assay-2021-03-11,NS0 1 TSA AN,48,3175.991779,698.734879,667.239127,132.7779732,512.4132567,2846.247716,313.1909824,1655.476333,2291.69248,99.96237748,290.6023227,294.4494288,1459.022934,271.7108232,278.5350235,883.7880417,494.3181212,271.4203678,395.0772319,17032.6512,3654.769382,13249.30431
HMO_assay-2021-03-11,S5 3 PEC AN,48,2730.797853,591.0078968,629.6520103,80.86891204,339.8815113,2191.900692,278.308601,1393.596927,1915.308616,51.08036573,189.7571383,223.1887053,1205.688258,198.4302769,205.1828205,693.5152216,469.0720795,176.3434829,333.9289425,13897.51031,2813.389857,11062.90886
HMO_assay-2021-03-11,S3 4 GAM AN,48,1349.627269,717.3785081,653.3422894,96.55768491,313.12334,2462.559928,305.9739401,1467.629308,1752.470504,466.4313579,169.8513905,265.5676158,1386.784679,148.9053756,113.4606201,633.945382,371.3866289,145.853115,304.1364423,13124.98538,2528.78499,10242.79343
HMO_assay-2021-03-11,NS1 cGAM 4 AER,48,2965.824581,624.0404311,649.9492842,116.6195123,411.7808403,2741.798602,334.0277192,1510.741729,2070.510222,57.0994076,199.2003939,244.1487988,1303.101324,212.6794804,234.3805702,758.8540295,418.3501058,180.7973334,258.2392551,15292.14362,2851.913635,11844.00962
HMO_assay-2021-03-11,NS1 cFMU 9 AN,48,3115.291883,667.937819,668.8158231,117.6976959,377.0607552,2995.553392,320.8697215,1580.265467,2174.632287,51.53546215,244.561771,248.3834838,1384.017485,233.0100598,202.5851266,816.5587748,508.2315873,227.722615,360.839159,16295.57037,3121.115634,12653.83784
HMO_assay-2021-03-11,NS0 3 CNA AER,48,1495.521332,325.6814042,307.7502017,82.31040425,189.6609388,1364.407839,206.4067215,757.4347128,1039.984853,23.42699693,105.8049377,120.193337,662.0988886,109.4577737,107.9065441,382.0137806,244.4759152,111.5964248,177.5446844,7813.677691,1517.504722,6113.42992
HMO_assay-2021-03-11,NS4 42 CNA AER,48,3039.739468,638.5085176,637.1291229,140.0204975,375.1629889,2826.372196,389.5862849,1550.056899,2134.244337,55.58775052,200.7428633,248.1311309,1355.715968,220.4379746,243.1335435,778.1926107,457.6081263,155.7049818,269.489663,15715.56492,2797.822483,12258.72375
HMO_assay-2021-03-11,S3 4 BHI AN,48,3026.17881,610.7348337,611.5937005,102.9155953,392.188041,2819.688003,370.1552222,1477.955661,2089.011229,54.83099364,201.7384657,248.0802707,1339.713336,224.3029397,262.8525767,817.0458836,479.8331737,226.1325538,351.7616903,15706.71298,3135.094119,12146.81417
HMO_assay-2021-03-11,S3 6 GC AN,48,2682.503624,573.6796188,572.4998075,114.162329,361.7672925,2495.927084,337.9287548,1361.121302,1882.522896,51.57167209,188.5743436,220.668111,1188.553241,220.6023655,244.8122254,700.1093367,444.405725,196.7914343,331.5646658,14169.76583,2889.846205,10942.54247
HMO_assay-2021-03-11,NS4 68 GC AN,48,2957.09765,623.0407393,638.8349885,113.1993125,502.3694323,2731.350291,311.1185815,1517.810314,2084.822147,58.40021022,214.2359164,243.3557056,1324.771631,218.867493,218.8140727,758.9685445,425.2821439,173.5690966,258.4716606,15374.37993,2900.505703,11900.21488
HMO_assay-2021-03-11,NS6 25 YPD AN,48,2829.628193,591.7923706,600.6485838,114.3448825,415.2154492,2597.722514,310.0743862,1379.914018,1932.590329,52.76447696,208.7396012,227.8290345,1238.431841,205.8646912,199.7496234,719.0279783,409.1162603,155.0611828,243.6711172,14432.18653,2649.396516,11184.56452
